<Objs Version="1.1.0.1" xmlns="http://schemas.microsoft.com/powershell/2004/04">
  <Obj RefId="0">
    <TN RefId="0">
      <T>Microsoft.PowerShell.Commands.PSRepositoryItemInfo</T>
      <T>System.Management.Automation.PSCustomObject</T>
      <T>System.Object</T>
    </TN>
    <MS>
      <S N="Name">xCredSSP</S>
      <Version N="Version">1.4.0</Version>
      <S N="Type">Module</S>
      <S N="Description">This module contains DSC resources for configuration of the WSMan Credential Security Support Provider (CredSSP).</S>
      <S N="Author">DSC Community</S>
      <Obj N="CompanyName" RefId="1">
        <TN RefId="1">
          <T>System.Object[]</T>
          <T>System.Array</T>
          <T>System.Object</T>
        </TN>
        <LST>
          <S>PowerShellTeam</S>
          <S>gaelcolas</S>
          <S>dsccommunity</S>
        </LST>
      </Obj>
      <S N="Copyright">Copyright the DSC Community contributors. All rights reserved.</S>
      <DT N="PublishedDate">2022-10-23T08:06:39+02:00</DT>
      <Obj N="InstalledDate" RefId="2">
        <DT>2022-10-25T15:36:11.1104974+02:00</DT>
        <MS>
          <Obj N="DisplayHint" RefId="3">
            <TN RefId="2">
              <T>Microsoft.PowerShell.Commands.DisplayHintType</T>
              <T>System.Enum</T>
              <T>System.ValueType</T>
              <T>System.Object</T>
            </TN>
            <ToString>DateTime</ToString>
            <I32>2</I32>
          </Obj>
        </MS>
      </Obj>
      <Nil N="UpdatedDate" />
      <URI N="LicenseUri">https://github.com/dsccommunity/SqlServerDsc/blob/main/LICENSE</URI>
      <URI N="ProjectUri">https://github.com/dsccommunity/SqlServerDsc</URI>
      <URI N="IconUri">https://dsccommunity.org/images/DSC_Logo_300p.png</URI>
      <Obj N="Tags" RefId="4">
        <TNRef RefId="1" />
        <LST>
          <S>DesiredStateConfiguration</S>
          <S>DSC</S>
          <S>DSCResourceKit</S>
          <S>DSCResource</S>
          <S>PSModule</S>
        </LST>
      </Obj>
      <Obj N="Includes" RefId="5">
        <TN RefId="3">
          <T>System.Collections.Hashtable</T>
          <T>System.Object</T>
        </TN>
        <DCT>
          <En>
            <S N="Key">Cmdlet</S>
            <Obj N="Value" RefId="6">
              <TNRef RefId="1" />
              <LST />
            </Obj>
          </En>
          <En>
            <S N="Key">Workflow</S>
            <Ref N="Value" RefId="6" />
          </En>
          <En>
            <S N="Key">Function</S>
            <Ref N="Value" RefId="6" />
          </En>
          <En>
            <S N="Key">DscResource</S>
            <Obj N="Value" RefId="7">
              <TNRef RefId="1" />
              <LST>
                <S>xCredSSP</S>
              </LST>
            </Obj>
          </En>
          <En>
            <S N="Key">Command</S>
            <Ref N="Value" RefId="6" />
          </En>
          <En>
            <S N="Key">RoleCapability</S>
            <Ref N="Value" RefId="6" />
          </En>
        </DCT>
      </Obj>
      <Nil N="PowerShellGetFormatVersion" />
      <S N="ReleaseNotes">## [1.4.0] - 2022-10-23_x000A__x000A_- Updated pipeline for continuos delivery._x000A_- Fixed issue where the Set method did not correct DelegateComputers, when_x000A_  two machines were accidentally added as one string instead of an array.</S>
      <Obj N="Dependencies" RefId="8">
        <TNRef RefId="1" />
        <LST />
      </Obj>
      <S N="RepositorySourceLocation">https://www.powershellgallery.com/api/v2</S>
      <S N="Repository">PSGallery</S>
      <S N="PackageManagementProvider">NuGet</S>
      <Obj N="AdditionalMetadata" RefId="9">
        <TN RefId="4">
          <T>System.Management.Automation.PSCustomObject</T>
          <T>System.Object</T>
        </TN>
        <MS>
          <S N="copyright">Copyright the DSC Community contributors. All rights reserved.</S>
          <S N="description">This module contains DSC resources for configuration of the WSMan Credential Security Support Provider (CredSSP).</S>
          <S N="requireLicenseAcceptance">False</S>
          <S N="releaseNotes">## [1.4.0] - 2022-10-23_x000A__x000A_- Updated pipeline for continuos delivery._x000A_- Fixed issue where the Set method did not correct DelegateComputers, when_x000A_  two machines were accidentally added as one string instead of an array.</S>
          <S N="isLatestVersion">True</S>
          <S N="isAbsoluteLatestVersion">False</S>
          <S N="versionDownloadCount">81</S>
          <S N="downloadCount">248760</S>
          <S N="packageSize">6796</S>
          <S N="published">23/10/2022 08:06:39 +02:00</S>
          <S N="created">23/10/2022 08:06:39 +02:00</S>
          <S N="lastUpdated">25/10/2022 05:13:23 +02:00</S>
          <S N="tags">DesiredStateConfiguration DSC DSCResourceKit DSCResource PSModule PSDscResource_x005F_xCredSSP PSIncludes_DscResource</S>
          <S N="developmentDependency">False</S>
          <S N="updated">2022-10-25T05:13:23Z</S>
          <S N="NormalizedVersion">1.4.0</S>
          <S N="Authors">DSC Community</S>
          <S N="IsPrerelease">false</S>
          <S N="ItemType">Module</S>
          <S N="FileList">xCredSSP.nuspec|DSCResources\MSFT_x005F_xCredSSP\MSFT_x005F_xCredSSP.psm1|xCredSSP.psm1|DSCResources\MSFT_x005F_xCredSSP\MSFT_x005F_xCredSSP.schema.mof|DSCResources\MSFT_x005F_xCredSSP\en-US\MSFT_x005F_xCredSSP.strings.psd1|xCredSSP.psd1|en-US\about_x005F_xCredSSP.help.txt</S>
          <S N="GUID">38e1ad0f-9b30-490a-a2b6-cc77765af4ec</S>
          <S N="PowerShellVersion">4.0</S>
          <S N="CLRVersion">4.0</S>
          <S N="CompanyName">DSC Community</S>
        </MS>
      </Obj>
      <S N="InstalledLocation">C:\Users\yvand\Documents\PowerShell\Modules\xCredSSP\1.4.0</S>
    </MS>
  </Obj>
</Objs>
