<Objs Version="1.1.0.1" xmlns="http://schemas.microsoft.com/powershell/2004/04">
  <Obj RefId="0">
    <TN RefId="0">
      <T>Microsoft.PowerShell.Commands.PSRepositoryItemInfo</T>
      <T>System.Management.Automation.PSCustomObject</T>
      <T>System.Object</T>
    </TN>
    <MS>
      <S N="Name">xCredSSP</S>
      <Version N="Version">1.3.0.0</Version>
      <S N="Type">Module</S>
      <S N="Description">Module with DSC Resources for WSMan CredSSP.</S>
      <S N="Author">Microsoft Corporation</S>
      <Obj N="CompanyName" RefId="1">
        <TN RefId="1">
          <T>System.Object[]</T>
          <T>System.Array</T>
          <T>System.Object</T>
        </TN>
        <LST>
          <S>PowerShellTeam</S>
          <S>gaelcolas</S>
          <S>dsccommunity</S>
        </LST>
      </Obj>
      <S N="Copyright">(c) 2014 Microsoft Corporation. All rights reserved.</S>
      <DT N="PublishedDate">2017-05-31T23:11:04+02:00</DT>
      <Obj N="InstalledDate" RefId="2">
        <DT>2022-09-28T09:40:03.9553036+02:00</DT>
        <MS>
          <Obj N="DisplayHint" RefId="3">
            <TN RefId="2">
              <T>Microsoft.PowerShell.Commands.DisplayHintType</T>
              <T>System.Enum</T>
              <T>System.ValueType</T>
              <T>System.Object</T>
            </TN>
            <ToString>DateTime</ToString>
            <I32>2</I32>
          </Obj>
        </MS>
      </Obj>
      <Nil N="UpdatedDate" />
      <URI N="LicenseUri">https://github.com/PowerShell/xCredSSP/blob/master/LICENSE</URI>
      <URI N="ProjectUri">https://github.com/PowerShell/xCredSSP</URI>
      <Nil N="IconUri" />
      <Obj N="Tags" RefId="4">
        <TNRef RefId="1" />
        <LST>
          <S>DesiredStateConfiguration</S>
          <S>DSC</S>
          <S>DSCResourceKit</S>
          <S>DSCResource</S>
          <S>PSModule</S>
        </LST>
      </Obj>
      <Obj N="Includes" RefId="5">
        <TN RefId="3">
          <T>System.Collections.Hashtable</T>
          <T>System.Object</T>
        </TN>
        <DCT>
          <En>
            <S N="Key">Function</S>
            <Obj N="Value" RefId="6">
              <TNRef RefId="1" />
              <LST />
            </Obj>
          </En>
          <En>
            <S N="Key">DscResource</S>
            <Obj N="Value" RefId="7">
              <TNRef RefId="1" />
              <LST>
                <S>xCredSSP</S>
              </LST>
            </Obj>
          </En>
          <En>
            <S N="Key">Workflow</S>
            <Ref N="Value" RefId="6" />
          </En>
          <En>
            <S N="Key">Command</S>
            <Ref N="Value" RefId="6" />
          </En>
          <En>
            <S N="Key">Cmdlet</S>
            <Ref N="Value" RefId="6" />
          </En>
          <En>
            <S N="Key">RoleCapability</S>
            <Ref N="Value" RefId="6" />
          </En>
        </DCT>
      </Obj>
      <Nil N="PowerShellGetFormatVersion" />
      <S N="ReleaseNotes">* Added a fix to enable credSSP with a fresh server installation</S>
      <Obj N="Dependencies" RefId="8">
        <TNRef RefId="1" />
        <LST />
      </Obj>
      <S N="RepositorySourceLocation">https://www.powershellgallery.com/api/v2</S>
      <S N="Repository">PSGallery</S>
      <S N="PackageManagementProvider">NuGet</S>
      <Obj N="AdditionalMetadata" RefId="9">
        <TN RefId="4">
          <T>System.Management.Automation.PSCustomObject</T>
          <T>System.Object</T>
        </TN>
        <MS>
          <S N="copyright">(c) 2014 Microsoft Corporation. All rights reserved.</S>
          <S N="description">Module with DSC Resources for WSMan CredSSP.</S>
          <S N="requireLicenseAcceptance">True</S>
          <S N="releaseNotes">* Added a fix to enable credSSP with a fresh server installation</S>
          <S N="isLatestVersion">True</S>
          <S N="isAbsoluteLatestVersion">True</S>
          <S N="versionDownloadCount">221445</S>
          <S N="downloadCount">246700</S>
          <S N="packageSize">10949</S>
          <S N="published">31/05/2017 23:11:04 +02:00</S>
          <S N="created">31/05/2017 23:11:04 +02:00</S>
          <S N="lastUpdated">28/09/2022 05:17:24 +02:00</S>
          <S N="tags">DesiredStateConfiguration DSC DSCResourceKit DSCResource PSModule PSDscResource_x005F_xCredSSP PSIncludes_DscResource</S>
          <S N="developmentDependency">False</S>
          <S N="updated">2022-09-28T05:17:24Z</S>
          <S N="NormalizedVersion">1.3.0</S>
          <S N="Authors">Microsoft Corporation</S>
          <S N="IsPrerelease">false</S>
          <S N="ItemType">Module</S>
          <S N="FileList">xCredSSP.nuspec|LICENSE|README.md|xCredSSP.psd1|DSCResources\MSFT_x005F_xCredSSP\MSFT_x005F_xCredSSP.psm1|DSCResources\MSFT_x005F_xCredSSP\MSFT_x005F_xCredSSP.schema.mof|Tests\Unit\MSFT_x005F_xCredSSP.tests.ps1</S>
          <S N="GUID">38e1ad0f-9b30-490a-a2b6-cc77765af4ec</S>
          <S N="PowerShellVersion">4.0</S>
          <S N="CLRVersion">4.0</S>
          <S N="CompanyName">Microsoft Corporation</S>
        </MS>
      </Obj>
      <S N="InstalledLocation">C:\Users\yvand\Documents\PowerShell\Modules\xCredSSP\1.3.0.0</S>
    </MS>
  </Obj>
</Objs>
