<Objs Version="1.1.0.1" xmlns="http://schemas.microsoft.com/powershell/2004/04">
  <Obj RefId="0">
    <TN RefId="0">
      <T>Microsoft.PowerShell.Commands.PSRepositoryItemInfo</T>
      <T>System.Management.Automation.PSCustomObject</T>
      <T>System.Object</T>
    </TN>
    <MS>
      <S N="Name">SqlServerDsc</S>
      <Version N="Version">15.1.1</Version>
      <S N="Type">Module</S>
      <S N="Description">Module with DSC resources for deployment and configuration of Microsoft SQL Server.</S>
      <S N="Author">DSC Community</S>
      <Obj N="CompanyName" RefId="1">
        <TN RefId="1">
          <T>System.Object[]</T>
          <T>System.Array</T>
          <T>System.Object</T>
        </TN>
        <LST>
          <S>PowerShellTeam</S>
          <S>gaelcolas</S>
          <S>dsccommunity</S>
        </LST>
      </Obj>
      <S N="Copyright">Copyright the DSC Community contributors. All rights reserved.</S>
      <DT N="PublishedDate">2021-02-12T13:07:11+01:00</DT>
      <Obj N="InstalledDate" RefId="2">
        <DT>2021-02-23T12:48:23.7274757+01:00</DT>
        <MS>
          <Obj N="DisplayHint" RefId="3">
            <TN RefId="2">
              <T>Microsoft.PowerShell.Commands.DisplayHintType</T>
              <T>System.Enum</T>
              <T>System.ValueType</T>
              <T>System.Object</T>
            </TN>
            <ToString>DateTime</ToString>
            <I32>2</I32>
          </Obj>
        </MS>
      </Obj>
      <Nil N="UpdatedDate" />
      <URI N="LicenseUri">https://github.com/dsccommunity/SqlServerDsc/blob/main/LICENSE</URI>
      <URI N="ProjectUri">https://github.com/dsccommunity/SqlServerDsc</URI>
      <URI N="IconUri">https://dsccommunity.org/images/DSC_Logo_300p.png</URI>
      <Obj N="Tags" RefId="4">
        <TNRef RefId="1" />
        <LST>
          <S>DesiredStateConfiguration</S>
          <S>DSC</S>
          <S>DSCResourceKit</S>
          <S>DSCResource</S>
          <S>PSModule</S>
        </LST>
      </Obj>
      <Obj N="Includes" RefId="5">
        <TN RefId="3">
          <T>System.Collections.Hashtable</T>
          <T>System.Object</T>
        </TN>
        <DCT>
          <En>
            <S N="Key">RoleCapability</S>
            <Obj N="Value" RefId="6">
              <TNRef RefId="1" />
              <LST />
            </Obj>
          </En>
          <En>
            <S N="Key">Command</S>
            <Ref N="Value" RefId="6" />
          </En>
          <En>
            <S N="Key">DscResource</S>
            <Obj N="Value" RefId="7">
              <TNRef RefId="1" />
              <LST>
                <S>SqlAG</S>
                <S>SqlAGDatabase</S>
                <S>SqlAgentAlert</S>
                <S>SqlAgentFailsafe</S>
                <S>SqlAgentOperator</S>
                <S>SqlAGListener</S>
                <S>SqlAGReplica</S>
                <S>SqlAlias</S>
                <S>SqlAlwaysOnService</S>
                <S>SqlConfiguration</S>
                <S>SqlDatabase</S>
                <S>SqlDatabaseDefaultLocation</S>
                <S>SqlDatabaseMail</S>
                <S>SqlDatabaseObjectPermission</S>
                <S>SqlDatabasePermission</S>
                <S>SqlDatabaseRole</S>
                <S>SqlDatabaseUser</S>
                <S>SqlEndpoint</S>
                <S>SqlEndpointPermission</S>
                <S>SqlLogin</S>
                <S>SqlMaxDop</S>
                <S>SqlMemory</S>
                <S>SqlPermission</S>
                <S>SqlProtocol</S>
                <S>SqlProtocolTcpIp</S>
                <S>SqlReplication</S>
                <S>SqlRole</S>
                <S>SqlRS</S>
                <S>SqlRSSetup</S>
                <S>SqlScript</S>
                <S>SqlScriptQuery</S>
                <S>SqlSecureConnection</S>
                <S>SqlServiceAccount</S>
                <S>SqlSetup</S>
                <S>SqlTraceFlag</S>
                <S>SqlWaitForAG</S>
                <S>SqlWindowsFirewall</S>
                <S>SqlDatabaseOwner</S>
                <S>SqlDatabaseRecoveryModel</S>
                <S>SqlServerEndpointState</S>
                <S>SqlServerNetwork</S>
              </LST>
            </Obj>
          </En>
          <En>
            <S N="Key">Function</S>
            <Ref N="Value" RefId="6" />
          </En>
          <En>
            <S N="Key">Cmdlet</S>
            <Ref N="Value" RefId="6" />
          </En>
          <En>
            <S N="Key">Workflow</S>
            <Ref N="Value" RefId="6" />
          </En>
        </DCT>
      </Obj>
      <Nil N="PowerShellGetFormatVersion" />
      <S N="ReleaseNotes">## [15.1.1] - 2021-02-12_x000A__x000D__x000A_### Fixed_x000D__x000A__x000D__x000A_- SqlTraceFlag_x000D__x000A_  - Fixed `$null` reference error when no actual trace flags are present._x000D__x000A_    Added two arrays to prevent a `$null` reference at compare-object_x000D__x000A_    ([issue #1688](https://github.com/dsccommunity/SqlServerDsc/issues/1688))._x000D__x000A_- SqlServerDsc_x000D__x000A_  - Removed a left-over comment in the file `analyzersettings.psd1`.</S>
      <Obj N="Dependencies" RefId="8">
        <TNRef RefId="1" />
        <LST />
      </Obj>
      <S N="RepositorySourceLocation">https://www.powershellgallery.com/api/v2</S>
      <S N="Repository">PSGallery</S>
      <S N="PackageManagementProvider">NuGet</S>
      <Obj N="AdditionalMetadata" RefId="9">
        <TN RefId="4">
          <T>System.Management.Automation.PSCustomObject</T>
          <T>System.Object</T>
        </TN>
        <MS>
          <S N="copyright">Copyright the DSC Community contributors. All rights reserved.</S>
          <S N="description">Module with DSC resources for deployment and configuration of Microsoft SQL Server.</S>
          <S N="requireLicenseAcceptance">False</S>
          <S N="releaseNotes">## [15.1.1] - 2021-02-12_x000A__x000D__x000A_### Fixed_x000D__x000A__x000D__x000A_- SqlTraceFlag_x000D__x000A_  - Fixed `$null` reference error when no actual trace flags are present._x000D__x000A_    Added two arrays to prevent a `$null` reference at compare-object_x000D__x000A_    ([issue #1688](https://github.com/dsccommunity/SqlServerDsc/issues/1688))._x000D__x000A_- SqlServerDsc_x000D__x000A_  - Removed a left-over comment in the file `analyzersettings.psd1`.</S>
          <S N="isLatestVersion">True</S>
          <S N="isAbsoluteLatestVersion">False</S>
          <S N="versionDownloadCount">67175</S>
          <S N="downloadCount">2904926</S>
          <S N="packageSize">352758</S>
          <S N="published">12/02/2021 13:07:11 +01:00</S>
          <S N="created">12/02/2021 13:07:11 +01:00</S>
          <S N="lastUpdated">23/02/2021 11:45:41 +01:00</S>
          <S N="tags">DesiredStateConfiguration DSC DSCResourceKit DSCResource PSModule PSDscResource_SqlAG PSDscResource_SqlAGDatabase PSDscResource_SqlAgentAlert PSDscResource_SqlAgentFailsafe PSDscResource_SqlAgentOperator PSDscResource_SqlAGListener PSDscResource_SqlAGReplica PSDscResource_SqlAlias PSDscResource_SqlAlwaysOnService PSDscResource_SqlConfiguration PSDscResource_SqlDatabase PSDscResource_SqlDatabaseDefaultLocation PSDscResource_SqlDatabaseMail PSDscResource_SqlDatabaseObjectPermission PSDscResource_SqlDatabasePermission PSDscResource_SqlDatabaseRole PSDscResource_SqlDatabaseUser PSDscResource_SqlEndpoint PSDscResource_SqlEndpointPermission PSDscResource_SqlLogin PSDscResource_SqlMaxDop PSDscResource_SqlMemory PSDscResource_SqlPermission PSDscResource_SqlProtocol PSDscResource_SqlProtocolTcpIp PSDscResource_SqlReplication PSDscResource_SqlRole PSDscResource_SqlRS PSDscResource_SqlRSSetup PSDscResource_SqlScript PSDscResource_SqlScriptQuery PSDscResource_SqlSecureConnection PSDscResource_SqlServiceAccount PSDscResource_SqlSetup PSDscResource_SqlTraceFlag PSDscResource_SqlWaitForAG PSDscResource_SqlWindowsFirewall PSDscResource_SqlDatabaseOwner PSDscResource_SqlDatabaseRecoveryModel PSDscResource_SqlServerEndpointState PSDscResource_SqlServerNetwork PSIncludes_DscResource</S>
          <S N="developmentDependency">False</S>
          <S N="updated">2021-02-23T11:45:41Z</S>
          <S N="NormalizedVersion">15.1.1</S>
          <S N="Authors">DSC Community</S>
          <S N="IsPrerelease">false</S>
          <S N="ItemType">Module</S>
          <S N="FileList">SqlServerDsc.nuspec|SqlServerDsc.psd1|en-US\about_SqlServerDsc.help.txt|DSCResources\MSFT_SqlServerNetwork\MSFT_SqlServerNetwork.psm1|DSCResources\MSFT_SqlServerNetwork\MSFT_SqlServerNetwork.schema.mof|DSCResources\MSFT_SqlServerNetwork\README.md|DSCResources\DSC_SqlAlwaysOnService\DSC_SqlAlwaysOnService.psm1|DSCResources\DSC_SqlAlwaysOnService\DSC_SqlAlwaysOnService.schema.mof|DSCResources\DSC_SqlAlwaysOnService\README.md|DSCResources\MSFT_SqlServerEndpointState\MSFT_SqlServerEndpointState.psm1|DSCResources\MSFT_SqlServerEndpointState\MSFT_SqlServerEndpointState.schema.mof|DSCResources\MSFT_SqlServerEndpointState\README.md|DSCResources\DSC_SqlDatabaseDefaultLocation\DSC_SqlDatabaseDefaultLocation.psm1|DSCResources\DSC_SqlDatabaseDefaultLocation\DSC_SqlDatabaseDefaultLocation.schema.mof|DSCResources\DSC_SqlDatabaseDefaultLocation\README.md|DSCResources\DSC_SqlRole\DSC_SqlRole.psm1|DSCResources\DSC_SqlRole\DSC_SqlRole.schema.mof|DSCResources\DSC_SqlRole\README.md|DSCResources\MSFT_SqlDatabaseRecoveryModel\MSFT_SqlDatabaseRecoveryModel.schema.mof|DSCResources\MSFT_SqlDatabaseRecoveryModel\MSFT_SqlDatabaseRecoveryModel.psm1|DSCResources\MSFT_SqlDatabaseRecoveryModel\README.md|DSCResources\DSC_SqlMaxDop\DSC_SqlMaxDop.schema.mof|DSCResources\DSC_SqlMaxDop\README.md|DSCResources\DSC_SqlMaxDop\DSC_SqlMaxDop.psm1|DSCResources\DSC_SqlScriptQuery\DSC_SqlScriptQuery.psm1|DSCResources\DSC_SqlScriptQuery\DSC_SqlScriptQuery.schema.mof|DSCResources\DSC_SqlScriptQuery\README.md|DSCResources\DSC_SqlMemory\DSC_SqlMemory.schema.mof|DSCResources\DSC_SqlMemory\README.md|DSCResources\DSC_SqlMemory\DSC_SqlMemory.psm1|DSCResources\DSC_SqlAgentAlert\DSC_SqlAgentAlert.schema.mof|DSCResources\DSC_SqlAgentAlert\DSC_SqlAgentAlert.psm1|DSCResources\DSC_SqlAgentAlert\README.md|DSCResources\DSC_SqlConfiguration\DSC_SqlConfiguration.schema.mof|DSCResources\DSC_SqlConfiguration\README.md|DSCResources\DSC_SqlConfiguration\DSC_SqlConfiguration.psm1|DSCResources\DSC_SqlAG\DSC_SqlAG.schema.mof|DSCResources\DSC_SqlAG\DSC_SqlAG.psm1|DSCResources\DSC_SqlAG\README.md|DSCResources\DSC_SqlProtocolTcpIp\DSC_SqlProtocolTcpIp.psm1|DSCResources\DSC_SqlProtocolTcpIp\DSC_SqlProtocolTcpIp.schema.mof|DSCResources\DSC_SqlProtocolTcpIp\README.md|DSCResources\DSC_SqlRS\DSC_SqlRS.schema.mof|DSCResources\DSC_SqlRS\DSC_SqlRS.psm1|DSCResources\DSC_SqlRS\README.md|DSCResources\DSC_SqlDatabaseUser\DSC_SqlDatabaseUser.psm1|DSCResources\DSC_SqlDatabaseUser\DSC_SqlDatabaseUser.schema.mof|DSCResources\DSC_SqlDatabaseUser\README.md|DSCResources\DSC_SqlEndpointPermission\DSC_SqlEndpointPermission.schema.mof|DSCResources\DSC_SqlEndpointPermission\DSC_SqlEndpointPermission.psm1|DSCResources\DSC_SqlEndpointPermission\README.md|DSCResources\DSC_SqlAlias\DSC_SqlAlias.schema.mof|DSCResources\DSC_SqlAlias\DSC_SqlAlias.psm1|DSCResources\DSC_SqlAlias\README.md|DSCResources\DSC_SqlSetup\DSC_SqlSetup.psm1|DSCResources\DSC_SqlSetup\DSC_SqlSetup.schema.mof|DSCResources\DSC_SqlSetup\README.md|DSCResources\DSC_SqlReplication\DSC_SqlReplication.psm1|DSCResources\DSC_SqlReplication\DSC_SqlReplication.schema.mof|DSCResources\DSC_SqlReplication\README.md|DSCResources\DSC_SqlPermission\DSC_SqlPermission.psm1|DSCResources\DSC_SqlPermission\DSC_SqlPermission.schema.mof|DSCResources\DSC_SqlPermission\README.md|DSCResources\DSC_SqlWindowsFirewall\DSC_SqlWindowsFirewall.schema.mof|DSCResources\DSC_SqlWindowsFirewall\DSC_SqlWindowsFirewall.psm1|DSCResources\DSC_SqlWindowsFirewall\README.md|DSCResources\DSC_SqlAgentFailsafe\DSC_SqlAgentFailsafe.psm1|DSCResources\DSC_SqlAgentFailsafe\DSC_SqlAgentFailsafe.schema.mof|DSCResources\DSC_SqlAgentFailsafe\README.md|DSCResources\DSC_SqlDatabaseRole\DSC_SqlDatabaseRole.psm1|DSCResources\DSC_SqlDatabaseRole\DSC_SqlDatabaseRole.schema.mof|DSCResources\DSC_SqlDatabaseRole\README.md|DSCResources\DSC_SqlTraceFlag\DSC_SqlTraceFlag.schema.mof|DSCResources\DSC_SqlTraceFlag\DSC_SqlTraceFlag.psm1|DSCResources\DSC_SqlTraceFlag\README.md|DSCResources\DSC_SqlAgentOperator\DSC_SqlAgentOperator.schema.mof|DSCResources\DSC_SqlAgentOperator\DSC_SqlAgentOperator.psm1|DSCResources\DSC_SqlAgentOperator\README.md|DSCResources\DSC_SqlEndpoint\DSC_SqlEndpoint.schema.mof|DSCResources\DSC_SqlEndpoint\README.md|DSCResources\DSC_SqlEndpoint\DSC_SqlEndpoint.psm1|DSCResources\DSC_SqlWaitForAG\DSC_SqlWaitForAG.psm1|DSCResources\DSC_SqlWaitForAG\DSC_SqlWaitForAG.schema.mof|DSCResources\DSC_SqlWaitForAG\README.md|DSCResources\DSC_SqlScript\DSC_SqlScript.schema.mof|DSCResources\DSC_SqlScript\README.md|DSCResources\DSC_SqlScript\DSC_SqlScript.psm1|DSCResources\DSC_SqlAGReplica\README.md|DSCResources\DSC_SqlAGReplica\DSC_SqlAGReplica.schema.mof|DSCResources\DSC_SqlAGReplica\DSC_SqlAGReplica.psm1|DSCResources\DSC_SqlRSSetup\DSC_SqlRSSetup.schema.mof|DSCResources\DSC_SqlRSSetup\DSC_SqlRSSetup.psm1|DSCResources\DSC_SqlRSSetup\README.md|DSCResources\DSC_SqlDatabase\DSC_SqlDatabase.schema.mof|DSCResources\DSC_SqlDatabase\README.md|DSCResources\DSC_SqlDatabase\DSC_SqlDatabase.psm1|DSCResources\DSC_SqlServiceAccount\DSC_SqlServiceAccount.psm1|DSCResources\DSC_SqlServiceAccount\DSC_SqlServiceAccount.schema.mof|DSCResources\DSC_SqlServiceAccount\README.md|DSCResources\DSC_SqlProtocol\DSC_SqlProtocol.schema.mof|DSCResources\DSC_SqlProtocol\README.md|DSCResources\DSC_SqlProtocol\DSC_SqlProtocol.psm1|DSCResources\DSC_SqlAGListener\DSC_SqlAGListener.psm1|DSCResources\DSC_SqlAGListener\DSC_SqlAGListener.schema.mof|DSCResources\DSC_SqlAGListener\README.md|DSCResources\DSC_SqlAGDatabase\DSC_SqlAGDatabase.psm1|DSCResources\DSC_SqlAGDatabase\DSC_SqlAGDatabase.schema.mof|DSCResources\DSC_SqlAGDatabase\README.md|DSCResources\DSC_SqlDatabaseMail\DSC_SqlDatabaseMail.psm1|DSCResources\DSC_SqlDatabaseMail\README.md|DSCResources\DSC_SqlDatabaseMail\DSC_SqlDatabaseMail.schema.mof|DSCResources\DSC_SqlDatabasePermission\DSC_SqlDatabasePermission.psm1|DSCResources\DSC_SqlDatabasePermission\README.md|DSCResources\DSC_SqlDatabasePermission\DSC_SqlDatabasePermission.schema.mof|DSCResources\DSC_SqlDatabaseObjectPermission\DSC_SqlDatabaseObjectPermission.schema.mof|DSCResources\DSC_SqlDatabaseObjectPermission\README.md|DSCResources\DSC_SqlDatabaseObjectPermission\DSC_SqlDatabaseObjectPermission.psm1|DSCResources\MSFT_SqlDatabaseOwner\MSFT_SqlDatabaseOwner.schema.mof|DSCResources\MSFT_SqlDatabaseOwner\MSFT_SqlDatabaseOwner.psm1|DSCResources\MSFT_SqlDatabaseOwner\README.md|DSCResources\DSC_SqlSecureConnection\DSC_SqlSecureConnection.schema.mof|DSCResources\DSC_SqlSecureConnection\DSC_SqlSecureConnection.psm1|DSCResources\DSC_SqlSecureConnection\README.md|DSCResources\DSC_SqlLogin\DSC_SqlLogin.schema.mof|DSCResources\DSC_SqlLogin\DSC_SqlLogin.psm1|DSCResources\DSC_SqlLogin\README.md|Modules\SqlServerDsc.Common\SqlServerDsc.Common.psd1|Modules\SqlServerDsc.Common\SqlServerDsc.Common.psm1|DSCResources\MSFT_SqlServerNetwork\en-US\about_SqlServerNetwork.help.txt|DSCResources\MSFT_SqlServerNetwork\en-US\MSFT_SqlServerNetwork.strings.psd1|DSCResources\DSC_SqlAlwaysOnService\en-US\about_SqlAlwaysOnService.help.txt|DSCResources\DSC_SqlAlwaysOnService\en-US\DSC_SqlAlwaysOnService.strings.psd1|DSCResources\MSFT_SqlServerEndpointState\en-US\MSFT_SqlServerEndpointState.strings.psd1|DSCResources\MSFT_SqlServerEndpointState\en-US\about_SqlServerEndpointState.help.txt|DSCResources\DSC_SqlDatabaseDefaultLocation\en-US\DSC_SqlDatabaseDefaultLocation.strings.psd1|DSCResources\DSC_SqlDatabaseDefaultLocation\en-US\about_SqlDatabaseDefaultLocation.help.txt|DSCResources\DSC_SqlRole\en-US\about_SqlRole.help.txt|DSCResources\DSC_SqlRole\en-US\DSC_SqlRole.strings.psd1|DSCResources\MSFT_SqlDatabaseRecoveryModel\en-US\MSFT_SqlDatabaseRecoveryModel.strings.psd1|DSCResources\MSFT_SqlDatabaseRecoveryModel\en-US\about_SqlDatabaseRecoveryModel.help.txt|DSCResources\DSC_SqlMaxDop\en-US\about_SqlMaxDop.help.txt|DSCResources\DSC_SqlMaxDop\en-US\DSC_SqlMaxDop.strings.psd1|DSCResources\DSC_SqlScriptQuery\en-US\DSC_SqlScriptQuery.strings.psd1|DSCResources\DSC_SqlScriptQuery\en-US\about_SqlScriptQuery.help.txt|DSCResources\DSC_SqlMemory\en-US\about_SqlMemory.help.txt|DSCResources\DSC_SqlMemory\en-US\DSC_SqlMemory.strings.psd1|DSCResources\DSC_SqlAgentAlert\en-US\about_SqlAgentAlert.help.txt|DSCResources\DSC_SqlAgentAlert\en-US\DSC_SqlAgentAlert.strings.psd1|DSCResources\DSC_SqlConfiguration\en-US\about_SqlConfiguration.help.txt|DSCResources\DSC_SqlConfiguration\en-US\DSC_SqlConfiguration.strings.psd1|DSCResources\DSC_SqlAG\en-US\DSC_SqlAG.strings.psd1|DSCResources\DSC_SqlAG\en-US\about_SqlAG.help.txt|DSCResources\DSC_SqlProtocolTcpIp\en-US\DSC_SqlProtocolTcpIp.strings.psd1|DSCResources\DSC_SqlProtocolTcpIp\en-US\about_SqlProtocolTcpIp.help.txt|DSCResources\DSC_SqlRS\en-US\DSC_SqlRS.strings.psd1|DSCResources\DSC_SqlRS\en-US\about_SqlRS.help.txt|DSCResources\DSC_SqlDatabaseUser\en-US\about_SqlDatabaseUser.help.txt|DSCResources\DSC_SqlDatabaseUser\en-US\DSC_SqlDatabaseUser.strings.psd1|DSCResources\DSC_SqlEndpointPermission\en-US\about_SqlEndpointPermission.help.txt|DSCResources\DSC_SqlEndpointPermission\en-US\DSC_SqlEndpointPermission.strings.psd1|DSCResources\DSC_SqlAlias\en-US\about_SqlAlias.help.txt|DSCResources\DSC_SqlAlias\en-US\DSC_SqlAlias.strings.psd1|DSCResources\DSC_SqlSetup\en-US\DSC_SqlSetup.strings.psd1|DSCResources\DSC_SqlSetup\en-US\about_SqlSetup.help.txt|DSCResources\DSC_SqlSetup\sv-SE\DSC_SqlSetup.strings.psd1|DSCResources\DSC_SqlReplication\en-US\DSC_SqlReplication.strings.psd1|DSCResources\DSC_SqlReplication\en-US\about_SqlReplication.help.txt|DSCResources\DSC_SqlPermission\en-US\DSC_SqlPermission.strings.psd1|DSCResources\DSC_SqlPermission\en-US\about_SqlPermission.help.txt|DSCResources\DSC_SqlWindowsFirewall\en-US\about_SqlWindowsFirewall.help.txt|DSCResources\DSC_SqlWindowsFirewall\en-US\DSC_SqlWindowsFirewall.strings.psd1|DSCResources\DSC_SqlAgentFailsafe\en-US\about_SqlAgentFailsafe.help.txt|DSCResources\DSC_SqlAgentFailsafe\en-US\DSC_SqlAgentFailsafe.strings.psd1|DSCResources\DSC_SqlDatabaseRole\en-US\DSC_SqlDatabaseRole.strings.psd1|DSCResources\DSC_SqlDatabaseRole\en-US\about_SqlDatabaseRole.help.txt|DSCResources\DSC_SqlTraceFlag\en-US\DSC_SqlTraceFlag.strings.psd1|DSCResources\DSC_SqlTraceFlag\en-US\about_SqlTraceFlag.help.txt|DSCResources\DSC_SqlAgentOperator\en-US\about_SqlAgentOperator.help.txt|DSCResources\DSC_SqlAgentOperator\en-US\DSC_SqlAgentOperator.strings.psd1|DSCResources\DSC_SqlEndpoint\en-US\DSC_SqlEndpoint.strings.psd1|DSCResources\DSC_SqlEndpoint\en-US\about_SqlEndpoint.help.txt|DSCResources\DSC_SqlWaitForAG\en-US\about_SqlWaitForAG.help.txt|DSCResources\DSC_SqlWaitForAG\en-US\DSC_SqlWaitForAG.strings.psd1|DSCResources\DSC_SqlScript\en-US\DSC_SqlScript.strings.psd1|DSCResources\DSC_SqlScript\en-US\about_SqlScript.help.txt|DSCResources\DSC_SqlAGReplica\en-US\about_SqlAGReplica.help.txt|DSCResources\DSC_SqlAGReplica\en-US\DSC_SqlAGReplica.strings.psd1|DSCResources\DSC_SqlRSSetup\en-US\DSC_SqlRSSetup.strings.psd1|DSCResources\DSC_SqlRSSetup\en-US\about_SqlRSSetup.help.txt|DSCResources\DSC_SqlDatabase\en-US\about_SqlDatabase.help.txt|DSCResources\DSC_SqlDatabase\en-US\DSC_SqlDatabase.strings.psd1|DSCResources\DSC_SqlServiceAccount\en-US\DSC_SqlServiceAccount.strings.psd1|DSCResources\DSC_SqlServiceAccount\en-US\about_SqlServiceAccount.help.txt|DSCResources\DSC_SqlProtocol\en-US\about_SqlProtocol.help.txt|DSCResources\DSC_SqlProtocol\en-US\DSC_SqlProtocol.strings.psd1|DSCResources\DSC_SqlAGListener\en-US\DSC_SqlAGListener.strings.psd1|DSCResources\DSC_SqlAGListener\en-US\about_SqlAGListener.help.txt|DSCResources\DSC_SqlAGDatabase\en-US\DSC_SqlAGDatabase.strings.psd1|DSCResources\DSC_SqlAGDatabase\en-US\about_SqlAGDatabase.help.txt|DSCResources\DSC_SqlDatabaseMail\en-US\DSC_SqlDatabaseMail.strings.psd1|DSCResources\DSC_SqlDatabaseMail\en-US\about_SqlDatabaseMail.help.txt|DSCResources\DSC_SqlDatabasePermission\en-US\about_SqlDatabasePermission.help.txt|DSCResources\DSC_SqlDatabasePermission\en-US\DSC_SqlDatabasePermission.strings.psd1|DSCResources\DSC_SqlDatabaseObjectPermission\en-US\about_SqlDatabaseObjectPermission.help.txt|DSCResources\DSC_SqlDatabaseObjectPermission\en-US\DSC_SqlDatabaseObjectPermission.strings.psd1|DSCResources\MSFT_SqlDatabaseOwner\en-US\about_SqlDatabaseOwner.help.txt|DSCResources\MSFT_SqlDatabaseOwner\en-US\MSFT_SqlDatabaseOwner.strings.psd1|DSCResources\DSC_SqlSecureConnection\en-US\DSC_SqlSecureConnection.strings.psd1|DSCResources\DSC_SqlSecureConnection\en-US\about_SqlSecureConnection.help.txt|DSCResources\DSC_SqlLogin\en-US\DSC_SqlLogin.strings.psd1|DSCResources\DSC_SqlLogin\en-US\about_SqlLogin.help.txt|Modules\DscResource.Common\0.10.1\DscResource.Common.psd1|Modules\DscResource.Common\0.10.1\DscResource.Common.psm1|Modules\SqlServerDsc.Common\en-US\SqlServerDsc.Common.strings.psd1|Modules\SqlServerDsc.Common\sv-SE\SqlServerDsc.Common.strings.psd1|Modules\DscResource.Common\0.10.1\en-US\about_DscResource.Common.help.txt|Modules\DscResource.Common\0.10.1\en-US\DscResource.Common.strings.psd1</S>
          <S N="GUID">693ee082-ed36-45a7-b490-88b07c86b42f</S>
          <S N="PowerShellVersion">5.0</S>
          <S N="CLRVersion">4.0</S>
          <S N="CompanyName">DSC Community</S>
        </MS>
      </Obj>
      <S N="InstalledLocation">C:\Users\yvand\Documents\PowerShell\Modules\SqlServerDsc\15.1.1</S>
    </MS>
  </Obj>
</Objs>
